{
    "average_accuracy": 0.6470588235294118,
    "std_accuracy": 0.06801783393855003,
    "folds": [
        {
            "fold": 1,
            "y_true": [
                0,
                0,
                0,
                0,
                0,
                0,
                1,
                1,
                1,
                1,
                1,
                1,
                1,
                1,
                1,
                1,
                1,
                1
            ],
            "y_pred": [
                1,
                1,
                1,
                1,
                0,
                1,
                1,
                1,
                1,
                0,
                0,
                1,
                1,
                0,
                1,
                1,
                1,
                1
            ],
            "test_subjects": [
                "sub-044",
                "sub-050",
                "sub-051",
                "sub-052",
                "sub-053",
                "sub-055",
                "sub-002",
                "sub-007",
                "sub-009",
                "sub-021",
                "sub-025",
                "sub-027",
                "sub-035",
                "sub-068",
                "sub-073",
                "sub-076",
                "sub-078",
                "sub-080"
            ],
            "accuracy": 0.5555555555555556
        },
        {
            "fold": 2,
            "y_true": [
                0,
                0,
                0,
                0,
                0,
                0,
                1,
                1,
                1,
                1,
                1,
                1,
                1,
                1,
                1,
                1,
                1,
                1
            ],
            "y_pred": [
                1,
                1,
                1,
                1,
                0,
                1,
                1,
                1,
                1,
                1,
                1,
                1,
                1,
                1,
                1,
                1,
                1,
                1
            ],
            "test_subjects": [
                "sub-041",
                "sub-042",
                "sub-048",
                "sub-061",
                "sub-062",
                "sub-065",
                "sub-004",
                "sub-005",
                "sub-008",
                "sub-018",
                "sub-026",
                "sub-033",
                "sub-067",
                "sub-071",
                "sub-074",
                "sub-077",
                "sub-084",
                "sub-085"
            ],
            "accuracy": 0.7222222222222222
        },
        {
            "fold": 3,
            "y_true": [
                0,
                0,
                0,
                0,
                0,
                0,
                1,
                1,
                1,
                1,
                1,
                1,
                1,
                1,
                1,
                1,
                1,
                1
            ],
            "y_pred": [
                1,
                0,
                1,
                1,
                1,
                1,
                1,
                1,
                1,
                1,
                1,
                1,
                1,
                1,
                1,
                1,
                1,
                1
            ],
            "test_subjects": [
                "sub-038",
                "sub-039",
                "sub-046",
                "sub-047",
                "sub-049",
                "sub-063",
                "sub-010",
                "sub-013",
                "sub-014",
                "sub-017",
                "sub-022",
                "sub-024",
                "sub-029",
                "sub-030",
                "sub-069",
                "sub-072",
                "sub-086",
                "sub-088"
            ],
            "accuracy": 0.7222222222222222
        },
        {
            "fold": 4,
            "y_true": [
                0,
                0,
                0,
                0,
                0,
                0,
                1,
                1,
                1,
                1,
                1,
                1,
                1,
                1,
                1,
                1,
                1
            ],
            "y_pred": [
                1,
                1,
                1,
                1,
                1,
                1,
                1,
                1,
                1,
                1,
                1,
                0,
                1,
                1,
                1,
                1,
                1
            ],
            "test_subjects": [
                "sub-040",
                "sub-043",
                "sub-056",
                "sub-058",
                "sub-060",
                "sub-064",
                "sub-006",
                "sub-011",
                "sub-019",
                "sub-023",
                "sub-028",
                "sub-031",
                "sub-075",
                "sub-079",
                "sub-081",
                "sub-083",
                "sub-087"
            ],
            "accuracy": 0.5882352941176471
        },
        {
            "fold": 5,
            "y_true": [
                0,
                0,
                0,
                0,
                0,
                1,
                1,
                1,
                1,
                1,
                1,
                1,
                1,
                1,
                1,
                1,
                1
            ],
            "y_pred": [
                0,
                1,
                1,
                1,
                1,
                1,
                1,
                0,
                1,
                1,
                1,
                0,
                1,
                1,
                1,
                1,
                1
            ],
            "test_subjects": [
                "sub-037",
                "sub-045",
                "sub-054",
                "sub-057",
                "sub-059",
                "sub-001",
                "sub-003",
                "sub-012",
                "sub-015",
                "sub-016",
                "sub-020",
                "sub-032",
                "sub-034",
                "sub-036",
                "sub-066",
                "sub-070",
                "sub-082"
            ],
            "accuracy": 0.6470588235294118
        }
    ]
}